slab_id,steel_grade,produced_at,length,width,thickness,rough_thickness,rolling_thickness,exit_temp,charge_temp,rough_temp,finish_temp,temp_drop,process_time,furnace_time,weight,furnace,source_file,source_sheet,source_row,data_status,invalid,quality_note,record_id,group_index
SIM-001052,G01,2024-07-20T13:18:00,9937.0,1100.0,210.0,34.46,4.33,1218.16,430.48,1095.05,968.02,123.12,165.13,190.88,18019.0,,独立模拟示例.csv,独立生成,1053,完全独立模拟示例；非真实生产记录,False,,quick-12,1
SIM-001263,G01,2024-07-04T01:56:00,10116.0,1100.0,210.0,34.19,3.15,1170.1,472.08,1067.1,930.85,103.0,160.62,159.44,18345.0,,独立模拟示例.csv,独立生成,1264,完全独立模拟示例；非真实生产记录,False,,quick-54,1
SIM-001434,G01,2024-07-08T13:05:00,9257.0,1400.0,230.0,35.23,3.08,1209.09,491.59,1078.29,983.97,130.8,180.83,160.47,23400.0,,独立模拟示例.csv,独立生成,1435,完全独立模拟示例；非真实生产记录,False,,quick-110,1
SIM-000780,G01,2024-07-08T22:43:00,10432.0,1400.0,250.0,35.32,3.39,1179.26,349.98,1062.96,962.84,116.3,160.09,182.09,28661.0,,独立模拟示例.csv,独立生成,781,完全独立模拟示例；非真实生产记录,False,,quick-181,1
SIM-000715,G01,2024-07-24T17:51:00,10499.0,1600.0,250.0,35.12,3.41,1184.82,519.51,1064.42,940.96,120.41,168.42,171.36,32966.0,,独立模拟示例.csv,独立生成,716,完全独立模拟示例；非真实生产记录,False,,quick-219,1
SIM-000397,G01,2024-07-27T04:28:00,9469.0,1250.0,280.0,34.7,3.98,1219.01,402.49,1093.75,995.46,125.26,195.69,172.08,26015.0,,独立模拟示例.csv,独立生成,398,完全独立模拟示例；非真实生产记录,False,,quick-313,1
SIM-000740,G01,2024-07-19T05:04:00,9884.0,1100.0,230.0,30.54,3.89,1193.97,407.81,1073.37,969.03,120.59,179.51,175.16,19629.0,,独立模拟示例.csv,独立生成,741,完全独立模拟示例；非真实生产记录,False,,quick-352,0
SIM-000428,G01,2024-07-03T15:17:00,9833.0,1250.0,250.0,33.35,3.24,1196.42,327.36,1081.05,969.93,115.37,151.61,175.63,24121.0,,独立模拟示例.csv,独立生成,429,完全独立模拟示例；非真实生产记录,False,,quick-408,1
SIM-001045,G01,2024-07-07T12:29:00,9352.0,1250.0,210.0,34.16,2.52,1223.08,281.83,1091.13,970.67,131.95,156.45,176.31,19270.0,,独立模拟示例.csv,独立生成,1046,完全独立模拟示例；非真实生产记录,False,,quick-473,1
SIM-000857,G01,2024-07-09T19:07:00,10067.0,1250.0,230.0,33.76,4.17,1174.4,332.6,1077.65,943.96,96.75,172.94,210.32,22721.0,,独立模拟示例.csv,独立生成,858,完全独立模拟示例；非真实生产记录,False,,quick-524,1
SIM-001923,G01,2024-07-23T19:12:00,9790.0,1250.0,210.0,35.47,3.71,1194.15,440.75,1068.69,956.35,125.46,188.15,173.93,20174.0,,独立模拟示例.csv,独立生成,1924,完全独立模拟示例；非真实生产记录,False,,quick-558,1
SIM-000134,G01,2024-07-04T14:13:00,9609.0,1250.0,250.0,34.1,3.49,1221.97,383.05,1107.84,978.34,114.12,158.07,179.91,23571.0,,独立模拟示例.csv,独立生成,135,完全独立模拟示例；非真实生产记录,False,,quick-622,1
SIM-001489,G01,2024-07-11T11:32:00,10515.0,1400.0,230.0,29.43,3.74,1206.73,430.77,1091.87,1027.32,114.85,192.09,216.38,26579.0,,独立模拟示例.csv,独立生成,1490,完全独立模拟示例；非真实生产记录,False,,quick-680,0
SIM-000163,G01,2024-07-12T18:48:00,9210.0,1600.0,210.0,28.01,4.45,1206.77,261.26,1099.91,984.46,106.85,174.43,226.31,24293.0,,独立模拟示例.csv,独立生成,164,完全独立模拟示例；非真实生产记录,False,,quick-720,0
SIM-000454,G01,2024-07-12T09:19:00,9784.0,1400.0,280.0,39.2,3.7,1198.15,479.04,1078.07,951.22,120.08,184.71,212.55,30108.0,,独立模拟示例.csv,独立生成,455,完全独立模拟示例；非真实生产记录,False,,quick-763,2
SIM-000483,G01,2024-07-04T10:15:00,9997.0,1250.0,250.0,34.43,4.05,1211.17,354.8,1089.34,979.81,121.83,184.74,179.94,24525.0,,独立模拟示例.csv,独立生成,484,完全独立模拟示例；非真实生产记录,False,,quick-794,1
SIM-001104,G01,2024-07-02T04:27:00,9492.0,1250.0,250.0,33.68,4.08,1204.23,464.0,1080.84,982.83,123.39,165.32,173.05,23285.0,,独立模拟示例.csv,独立生成,1105,完全独立模拟示例；非真实生产记录,False,,quick-844,1
SIM-001749,G01,2024-07-03T03:08:00,9753.0,1100.0,210.0,32.04,3.03,1177.49,444.92,1065.81,963.35,111.68,170.63,182.38,17686.0,,独立模拟示例.csv,独立生成,1750,完全独立模拟示例；非真实生产记录,False,,quick-888,1
SIM-000190,G01,2024-07-09T23:05:00,9608.0,1400.0,210.0,36.05,4.43,1184.83,516.48,1066.45,953.72,118.38,173.0,189.66,22174.0,,独立模拟示例.csv,独立生成,191,完全独立模拟示例；非真实生产记录,False,,quick-970,2
SIM-000979,G01,2024-07-30T05:35:00,10275.0,1400.0,280.0,32.71,4.09,1184.63,468.84,1055.93,918.99,128.7,156.4,177.83,31619.0,,独立模拟示例.csv,独立生成,980,完全独立模拟示例；非真实生产记录,False,,quick-1053,1
SIM-001359,G01,2024-07-28T19:34:00,10119.0,1100.0,250.0,27.92,2.46,1215.14,450.54,1101.18,1008.79,113.96,163.44,179.78,21844.0,,独立模拟示例.csv,独立生成,1360,完全独立模拟示例；非真实生产记录,False,,quick-1175,0
SIM-001765,G01,2024-07-23T00:08:00,9497.0,1100.0,230.0,31.09,3.5,1201.44,357.86,1087.73,987.59,113.71,142.97,170.91,18861.0,,独立模拟示例.csv,独立生成,1766,完全独立模拟示例；非真实生产记录,False,,quick-1220,0
SIM-000259,G01,2024-07-30T03:20:00,10291.0,1250.0,230.0,31.73,4.84,1212.29,379.04,1107.89,1018.52,104.4,172.48,189.75,23225.0,,独立模拟示例.csv,独立生成,260,完全独立模拟示例；非真实生产记录,False,,quick-1267,0
SIM-001481,G01,2024-07-26T04:13:00,10079.0,1100.0,250.0,30.95,2.58,1189.32,376.83,1081.36,962.94,107.96,173.4,208.1,21758.0,,独立模拟示例.csv,独立生成,1482,完全独立模拟示例；非真实生产记录,False,,quick-1305,0
SIM-000198,G01,2024-07-27T22:34:00,9002.0,1250.0,230.0,30.64,3.31,1192.73,384.31,1076.13,935.34,116.6,180.29,171.49,20317.0,,独立模拟示例.csv,独立生成,199,完全独立模拟示例；非真实生产记录,False,,quick-1348,0
SIM-000985,G01,2024-07-31T18:22:00,9813.0,1600.0,230.0,37.46,3.72,1188.19,409.29,1070.64,955.64,117.55,151.55,174.7,28348.0,,独立模拟示例.csv,独立生成,986,完全独立模拟示例；非真实生产记录,False,,quick-1403,2
SIM-001201,G01,2024-07-10T16:46:00,9563.0,1600.0,250.0,37.03,3.1,1205.5,419.76,1089.58,993.07,115.93,163.5,185.89,30029.0,,独立模拟示例.csv,独立生成,1202,完全独立模拟示例；非真实生产记录,False,,quick-1468,2
SIM-001305,G01,2024-07-15T20:28:00,9899.0,1600.0,250.0,35.07,3.72,1188.08,443.35,1079.16,968.52,108.92,144.48,161.26,31081.0,,独立模拟示例.csv,独立生成,1306,完全独立模拟示例；非真实生产记录,False,,quick-1500,1
SIM-001969,G01,2024-07-02T15:48:00,10035.0,1100.0,230.0,33.29,3.55,1178.7,341.03,1071.0,932.71,107.7,161.75,222.16,19930.0,,独立模拟示例.csv,独立生成,1970,完全独立模拟示例；非真实生产记录,False,,quick-1542,1
SIM-000777,G01,2024-07-18T22:59:00,9736.0,1100.0,250.0,33.6,3.27,1205.45,180.0,1079.27,977.0,126.17,181.92,173.72,21018.0,,独立模拟示例.csv,独立生成,778,完全独立模拟示例；非真实生产记录,False,,quick-1625,1
SIM-000803,G01,2024-07-01T07:57:00,10284.0,1400.0,280.0,35.51,3.45,1200.44,325.49,1084.57,987.41,115.87,176.12,158.82,31645.0,,独立模拟示例.csv,独立生成,804,完全独立模拟示例；非真实生产记录,False,,quick-1733,1
SIM-001273,G01,2024-07-02T02:00:00,9694.0,1400.0,210.0,28.62,1.83,1189.74,392.18,1075.47,984.4,114.27,170.44,139.33,22373.0,,独立模拟示例.csv,独立生成,1274,完全独立模拟示例；非真实生产记录,False,,quick-1837,0
SIM-000533,G01,2024-07-25T16:11:00,10165.0,1400.0,250.0,34.74,3.73,1206.49,281.86,1076.7,978.84,129.79,192.77,188.06,27929.0,,独立模拟示例.csv,独立生成,534,完全独立模拟示例；非真实生产记录,False,,quick-1873,1
SIM-000517,G01,2024-07-05T13:14:00,10595.0,1400.0,250.0,35.13,2.7,1178.7,515.69,1039.57,939.86,139.14,194.53,143.29,29109.0,,独立模拟示例.csv,独立生成,518,完全独立模拟示例；非真实生产记录,False,,quick-1958,1
SIM-000877,G01,2024-07-12T16:14:00,9730.0,1600.0,280.0,28.85,4.72,1204.9,583.86,1081.2,970.66,123.7,173.35,184.31,34218.0,,独立模拟示例.csv,独立生成,878,完全独立模拟示例；非真实生产记录,False,,quick-2022,0
SIM-000902,G01,2024-07-12T06:40:00,9260.0,1100.0,230.0,36.9,2.64,1195.83,374.27,1093.64,983.44,102.19,149.72,172.9,18391.0,,独立模拟示例.csv,独立生成,903,完全独立模拟示例；非真实生产记录,False,,quick-2056,2
SIM-001369,G01,2024-07-06T21:46:00,9490.0,1400.0,210.0,38.49,2.51,1187.44,336.39,1069.62,969.58,117.82,146.94,177.46,21902.0,,独立模拟示例.csv,独立生成,1370,完全独立模拟示例；非真实生产记录,False,,quick-2095,2
SIM-001264,G01,2024-07-25T18:08:00,9766.0,1250.0,230.0,32.93,3.95,1216.16,309.84,1105.93,999.07,110.23,166.62,144.29,22040.0,,独立模拟示例.csv,独立生成,1265,完全独立模拟示例；非真实生产记录,False,,quick-2157,1
SIM-000302,G01,2024-07-30T03:43:00,9705.0,1250.0,230.0,33.62,3.08,1183.18,496.44,1060.94,950.99,122.24,176.94,179.19,21903.0,,独立模拟示例.csv,独立生成,303,完全独立模拟示例；非真实生产记录,False,,quick-2192,1
SIM-000251,G01,2024-07-03T22:33:00,9774.0,1400.0,230.0,29.83,2.96,1193.47,484.86,1077.35,952.24,116.12,205.86,202.64,24706.0,,独立模拟示例.csv,独立生成,252,完全独立模拟示例；非真实生产记录,False,,quick-2239,0
SIM-000523,G01,2024-07-16T11:09:00,10162.0,1600.0,280.0,29.7,3.81,1200.69,482.12,1082.15,980.0,118.53,149.93,160.24,35738.0,,独立模拟示例.csv,独立生成,524,完全独立模拟示例；非真实生产记录,False,,quick-2294,0
SIM-001947,G01,2024-07-22T12:36:00,10118.0,1400.0,250.0,36.13,3.94,1198.32,483.07,1094.0,969.55,104.32,155.67,202.28,27799.0,,独立模拟示例.csv,独立生成,1948,完全独立模拟示例；非真实生产记录,False,,quick-2326,2
SIM-001568,G01,2024-07-30T21:58:00,10003.0,1400.0,210.0,34.79,3.53,1218.31,291.63,1085.04,996.23,133.26,184.23,200.2,23085.0,,独立模拟示例.csv,独立生成,1569,完全独立模拟示例；非真实生产记录,False,,quick-2369,1
SIM-001028,G01,2024-07-10T17:52:00,9864.0,1100.0,280.0,35.53,2.84,1224.93,354.38,1103.88,998.8,121.04,148.44,199.5,23849.0,,独立模拟示例.csv,独立生成,1029,完全独立模拟示例；非真实生产记录,False,,quick-2435,1
SIM-001257,G01,2024-07-21T05:08:00,9603.0,1400.0,230.0,32.76,4.45,1192.66,439.58,1082.93,995.35,109.73,169.04,199.0,24274.0,,独立模拟示例.csv,独立生成,1258,完全独立模拟示例；非真实生产记录,False,,quick-2463,1
SIM-001248,G01,2024-07-01T19:00:00,9655.0,1400.0,250.0,38.12,2.03,1200.72,375.24,1081.58,980.59,119.14,176.46,205.65,26526.0,,独立模拟示例.csv,独立生成,1249,完全独立模拟示例；非真实生产记录,False,,quick-2498,2
SIM-001213,G01,2024-07-02T23:29:00,9956.0,1600.0,210.0,37.68,3.47,1214.08,477.76,1090.68,978.14,123.4,174.11,217.03,26260.0,,独立模拟示例.csv,独立生成,1214,完全独立模拟示例；非真实生产记录,False,,quick-2526,2
SIM-001877,G01,2024-07-30T16:03:00,10291.0,1100.0,250.0,32.66,3.44,1189.36,479.0,1072.38,963.65,116.98,162.77,154.79,22215.0,,独立模拟示例.csv,独立生成,1878,完全独立模拟示例；非真实生产记录,False,,quick-2564,1
SIM-000250,G01,2024-07-08T22:24:00,9067.0,1250.0,250.0,35.05,3.42,1205.92,428.72,1082.59,998.48,123.34,159.77,186.97,22244.0,,独立模拟示例.csv,独立生成,251,完全独立模拟示例；非真实生产记录,False,,quick-2617,1
SIM-000184,G01,2024-07-03T11:58:00,10218.0,1600.0,210.0,35.44,3.1,1228.93,373.36,1105.7,980.31,123.23,161.25,187.9,26952.0,,独立模拟示例.csv,独立生成,185,完全独立模拟示例；非真实生产记录,False,,quick-2688,1
SIM-001070,G01,2024-07-06T20:34:00,9734.0,1250.0,280.0,35.87,4.39,1211.31,431.81,1092.48,995.17,118.83,152.21,187.17,26743.0,,独立模拟示例.csv,独立生成,1071,完全独立模拟示例；非真实生产记录,False,,quick-2740,1
SIM-001830,G01,2024-07-13T17:51:00,11033.0,1250.0,230.0,37.28,4.27,1206.5,568.94,1087.9,975.04,118.6,149.0,168.83,24901.0,,独立模拟示例.csv,独立生成,1831,完全独立模拟示例；非真实生产记录,False,,quick-2799,2
SIM-001893,G01,2024-07-23T05:37:00,10364.0,1250.0,250.0,30.62,4.55,1188.61,458.82,1080.85,962.0,107.76,146.32,168.9,25425.0,,独立模拟示例.csv,独立生成,1894,完全独立模拟示例；非真实生产记录,False,,quick-2840,0
SIM-001705,G01,2024-07-20T08:45:00,10004.0,1400.0,230.0,37.57,3.66,1185.12,271.75,1050.19,937.91,134.92,174.7,158.06,25287.0,,独立模拟示例.csv,独立生成,1706,完全独立模拟示例；非真实生产记录,False,,quick-2930,2
SIM-000550,G01,2024-07-30T18:33:00,9575.0,1250.0,250.0,31.4,2.11,1193.18,433.21,1070.24,965.16,122.94,190.22,178.44,23489.0,,独立模拟示例.csv,独立生成,551,完全独立模拟示例；非真实生产记录,False,,quick-2973,0
SIM-000978,G01,2024-07-24T23:25:00,9363.0,1250.0,230.0,35.47,2.96,1206.04,432.66,1089.16,986.85,116.87,176.45,175.56,21131.0,,独立模拟示例.csv,独立生成,979,完全独立模拟示例；非真实生产记录,False,,quick-3034,1
SIM-000281,G01,2024-07-01T05:52:00,9791.0,1400.0,250.0,35.86,3.26,1207.65,291.31,1093.86,998.63,113.8,164.45,181.16,26900.0,,独立模拟示例.csv,独立生成,282,完全独立模拟示例；非真实生产记录,False,,quick-3101,1
SIM-001477,G01,2024-07-27T21:55:00,9653.0,1250.0,250.0,29.33,2.8,1176.74,344.09,1068.71,951.73,108.04,163.97,191.79,23680.0,,独立模拟示例.csv,独立生成,1478,完全独立模拟示例；非真实生产记录,False,,quick-3150,0
SIM-000630,G01,2024-07-09T20:18:00,9217.0,1250.0,230.0,33.03,2.41,1200.16,288.86,1084.73,979.45,115.43,184.51,182.89,20801.0,,独立模拟示例.csv,独立生成,631,完全独立模拟示例；非真实生产记录,False,,quick-3194,1
SIM-000912,G01,2024-07-28T03:10:00,9499.0,1600.0,280.0,35.95,3.42,1184.74,533.1,1074.95,967.15,109.8,156.69,178.42,33407.0,,独立模拟示例.csv,独立生成,913,完全独立模拟示例；非真实生产记录,False,,quick-3227,1
SIM-000783,G01,2024-07-14T03:11:00,8809.0,1600.0,230.0,37.04,2.55,1195.05,349.54,1060.41,974.29,134.64,170.81,207.83,25448.0,,独立模拟示例.csv,独立生成,784,完全独立模拟示例；非真实生产记录,False,,quick-3266,2
SIM-001192,G01,2024-07-29T04:51:00,9611.0,1400.0,250.0,37.43,2.69,1176.85,324.21,1069.4,945.84,107.45,178.0,166.7,26407.0,,独立模拟示例.csv,独立生成,1193,完全独立模拟示例；非真实生产记录,False,,quick-3298,2
SIM-001458,G01,2024-07-19T11:06:00,10049.0,1400.0,210.0,28.69,2.22,1211.91,294.4,1093.26,1000.84,118.65,161.04,175.7,23193.0,,独立模拟示例.csv,独立生成,1459,完全独立模拟示例；非真实生产记录,False,,quick-3410,0
SIM-001655,G01,2024-07-09T06:58:00,9752.0,1100.0,250.0,34.43,3.15,1207.07,377.49,1083.33,992.69,123.74,186.35,191.21,21053.0,,独立模拟示例.csv,独立生成,1656,完全独立模拟示例；非真实生产记录,False,,quick-3479,1
SIM-001699,G01,2024-07-24T00:19:00,9530.0,1100.0,280.0,37.47,4.44,1219.65,349.14,1098.19,998.46,121.46,165.55,164.15,23041.0,,独立模拟示例.csv,独立生成,1700,完全独立模拟示例；非真实生产记录,False,,quick-3561,2
SIM-000972,G01,2024-07-14T12:24:00,9992.0,1400.0,230.0,32.48,4.17,1184.85,311.69,1077.95,961.44,106.9,164.96,167.19,25257.0,,独立模拟示例.csv,独立生成,973,完全独立模拟示例；非真实生产记录,False,,quick-3635,1
SIM-001036,G01,2024-07-03T23:37:00,10068.0,1250.0,230.0,27.4,2.54,1204.43,391.58,1096.76,985.73,107.67,171.93,167.46,22723.0,,独立模拟示例.csv,独立生成,1037,完全独立模拟示例；非真实生产记录,False,,quick-3678,0
SIM-001806,G01,2024-07-11T03:58:00,9559.0,1400.0,210.0,25.1,2.65,1216.68,320.43,1097.68,1009.57,119.0,146.03,171.68,22060.0,,独立模拟示例.csv,独立生成,1807,完全独立模拟示例；非真实生产记录,False,,quick-3748,0
SIM-000099,G01,2024-07-13T08:40:00,10123.0,1250.0,250.0,29.21,2.1,1190.68,352.92,1084.5,979.85,106.19,184.81,190.03,24834.0,,独立模拟示例.csv,独立生成,100,完全独立模拟示例；非真实生产记录,False,,quick-3780,0
SIM-001592,G01,2024-07-21T01:40:00,9895.0,1250.0,250.0,36.17,3.18,1214.5,318.54,1097.89,993.66,116.61,208.82,171.98,24273.0,,独立模拟示例.csv,独立生成,1593,完全独立模拟示例；非真实生产记录,False,,quick-3853,2
SIM-001182,G01,2024-07-16T15:29:00,9597.0,1250.0,210.0,29.09,3.17,1212.24,346.63,1078.35,990.25,133.89,172.06,156.02,19776.0,,独立模拟示例.csv,独立生成,1183,完全独立模拟示例；非真实生产记录,False,,quick-3921,0
SIM-000858,G01,2024-07-31T03:00:00,9751.0,1250.0,280.0,40.38,2.79,1209.91,424.76,1085.3,982.37,124.61,150.75,189.61,26790.0,,独立模拟示例.csv,独立生成,859,完全独立模拟示例；非真实生产记录,False,,quick-3979,2
SIM-000177,G01,2024-07-11T04:19:00,9503.0,1400.0,250.0,34.38,2.2,1199.49,361.46,1070.73,935.73,128.75,181.07,175.21,26110.0,,独立模拟示例.csv,独立生成,178,完全独立模拟示例；非真实生产记录,False,,quick-4078,1
SIM-001120,G01,2024-07-22T09:45:00,10376.0,1100.0,210.0,33.61,2.35,1213.13,358.02,1078.76,965.19,134.37,198.37,161.85,18816.0,,独立模拟示例.csv,独立生成,1121,完全独立模拟示例；非真实生产记录,False,,quick-4112,1
SIM-001685,G01,2024-07-19T01:28:00,9549.0,1400.0,230.0,34.53,2.96,1190.63,421.95,1076.0,971.84,114.63,172.85,192.43,24137.0,,独立模拟示例.csv,独立生成,1686,完全独立模拟示例；非真实生产记录,False,,quick-4145,1
SIM-001137,G01,2024-07-15T01:48:00,9775.0,1400.0,250.0,31.89,2.64,1192.0,453.63,1068.52,967.59,123.49,168.22,153.75,26856.0,,独立模拟示例.csv,独立生成,1138,完全独立模拟示例；非真实生产记录,False,,quick-4217,0
SIM-000507,G01,2024-07-05T02:06:00,10779.0,1250.0,230.0,30.39,3.45,1202.0,392.01,1085.31,979.12,116.69,165.11,159.18,24328.0,,独立模拟示例.csv,独立生成,508,完全独立模拟示例；非真实生产记录,False,,quick-4293,0
SIM-000091,G01,2024-07-05T11:02:00,9066.0,1400.0,210.0,39.54,4.15,1183.59,392.0,1068.12,958.33,115.48,157.91,161.06,20923.0,,独立模拟示例.csv,独立生成,92,完全独立模拟示例；非真实生产记录,False,,quick-4340,2
SIM-001880,G01,2024-07-27T15:42:00,9767.0,1600.0,230.0,37.29,2.88,1226.02,459.87,1102.57,1017.97,123.45,196.4,184.48,28215.0,,独立模拟示例.csv,独立生成,1881,完全独立模拟示例；非真实生产记录,False,,quick-4450,2
SIM-001985,G01,2024-07-26T19:29:00,9614.0,1250.0,230.0,37.92,3.98,1213.99,513.21,1095.77,984.29,118.22,179.23,175.49,21697.0,,独立模拟示例.csv,独立生成,1986,完全独立模拟示例；非真实生产记录,False,,quick-4562,2
SIM-000556,G01,2024-07-21T11:36:00,9660.0,1400.0,250.0,38.68,3.85,1203.73,368.72,1082.35,983.94,121.38,174.44,189.99,26540.0,,独立模拟示例.csv,独立生成,557,完全独立模拟示例；非真实生产记录,False,,quick-4611,2
SIM-001937,G01,2024-07-11T08:31:00,10213.0,1600.0,210.0,36.4,3.26,1184.82,379.71,1060.29,952.05,124.53,173.09,133.57,26937.0,,独立模拟示例.csv,独立生成,1938,完全独立模拟示例；非真实生产记录,False,,quick-4738,2
SIM-000903,G01,2024-07-13T11:38:00,10101.0,1400.0,280.0,32.8,2.94,1213.45,346.95,1114.93,998.81,98.52,173.14,208.17,31083.0,,独立模拟示例.csv,独立生成,904,完全独立模拟示例；非真实生产记录,False,,quick-4771,1
SIM-000357,G01,2024-07-31T09:20:00,9413.0,1400.0,250.0,34.0,4.68,1200.02,508.38,1078.82,969.25,121.2,185.04,177.64,25861.0,,独立模拟示例.csv,独立生成,358,完全独立模拟示例；非真实生产记录,False,,quick-4791,1
SIM-000071,G01,2024-07-26T00:11:00,9305.0,1100.0,210.0,31.2,2.42,1202.2,411.11,1090.2,979.74,112.0,176.76,183.64,16873.0,,独立模拟示例.csv,独立生成,72,完全独立模拟示例；非真实生产记录,False,,quick-4818,0
SIM-000539,G01,2024-07-14T14:18:00,9598.0,1250.0,250.0,34.45,3.03,1178.92,425.65,1056.59,958.66,122.33,173.96,204.47,23544.0,,独立模拟示例.csv,独立生成,540,完全独立模拟示例；非真实生产记录,False,,quick-4859,1
SIM-001733,G01,2024-07-17T18:52:00,10048.0,1100.0,230.0,38.03,2.95,1197.94,432.82,1076.58,967.48,121.36,179.99,192.19,19956.0,,独立模拟示例.csv,独立生成,1734,完全独立模拟示例；非真实生产记录,False,,quick-4931,2
SIM-001730,G01,2024-07-13T05:58:00,9066.0,1100.0,230.0,36.6,2.53,1199.65,282.6,1079.43,977.81,120.22,164.72,171.05,18005.0,,独立模拟示例.csv,独立生成,1731,完全独立模拟示例；非真实生产记录,False,,quick-4996,2
SIM-000023,G01,2024-07-27T20:18:00,9819.0,1100.0,230.0,34.11,2.32,1195.74,350.12,1059.47,946.13,136.27,190.13,170.63,19501.0,,独立模拟示例.csv,独立生成,24,完全独立模拟示例；非真实生产记录,False,,quick-5049,1
SIM-000945,G01,2024-07-26T20:06:00,10124.0,1250.0,210.0,31.19,4.2,1211.81,299.35,1083.07,981.14,128.73,192.51,217.83,20863.0,,独立模拟示例.csv,独立生成,946,完全独立模拟示例；非真实生产记录,False,,quick-5119,0
SIM-000528,G01,2024-07-15T20:31:00,9607.0,1100.0,250.0,35.55,3.75,1203.05,297.02,1086.7,970.19,116.36,180.4,167.3,20739.0,,独立模拟示例.csv,独立生成,529,完全独立模拟示例；非真实生产记录,False,,quick-5162,1
SIM-000242,G01,2024-07-31T08:40:00,9428.0,1400.0,250.0,34.34,3.25,1199.36,462.53,1076.23,970.52,123.13,173.65,154.56,25905.0,,独立模拟示例.csv,独立生成,243,完全独立模拟示例；非真实生产记录,False,,quick-5207,1
SIM-001090,G01,2024-07-14T01:54:00,9634.0,1100.0,250.0,37.23,2.88,1193.66,331.87,1083.15,997.75,110.5,168.1,185.85,20798.0,,独立模拟示例.csv,独立生成,1091,完全独立模拟示例；非真实生产记录,False,,quick-5250,2
SIM-000188,G01,2024-07-02T19:42:00,9354.0,1400.0,230.0,32.04,3.1,1188.58,441.68,1088.09,969.69,100.5,159.29,217.07,23644.0,,独立模拟示例.csv,独立生成,189,完全独立模拟示例；非真实生产记录,False,,quick-5292,1
SIM-000640,G01,2024-07-23T16:42:00,9394.0,1250.0,210.0,31.87,3.15,1183.45,316.23,1076.63,998.02,106.82,163.17,176.88,19358.0,,独立模拟示例.csv,独立生成,641,完全独立模拟示例；非真实生产记录,False,,quick-5346,0
SIM-001249,G01,2024-07-19T01:57:00,9908.0,1600.0,250.0,35.54,4.35,1208.3,346.58,1082.17,973.56,126.13,174.75,187.05,31110.0,,独立模拟示例.csv,独立生成,1250,完全独立模拟示例；非真实生产记录,False,,quick-5382,1
SIM-000662,G01,2024-07-01T02:38:00,9539.0,1250.0,230.0,36.04,2.64,1171.2,507.75,1069.42,951.95,101.78,165.3,167.86,21528.0,,独立模拟示例.csv,独立生成,663,完全独立模拟示例；非真实生产记录,False,,quick-5433,2
SIM-000725,G01,2024-07-27T13:30:00,9609.0,1100.0,210.0,27.04,3.18,1205.56,414.52,1089.42,986.16,116.14,167.03,172.94,17424.0,,独立模拟示例.csv,独立生成,726,完全独立模拟示例；非真实生产记录,False,,quick-5467,0
SIM-001636,G01,2024-07-30T08:35:00,9820.0,1400.0,230.0,42.51,4.27,1205.9,322.14,1093.07,979.94,112.82,148.15,180.86,24823.0,,独立模拟示例.csv,独立生成,1637,完全独立模拟示例；非真实生产记录,False,,quick-5587,2
SIM-001925,G01,2024-07-23T14:53:00,9693.0,1400.0,250.0,31.62,3.13,1198.88,370.36,1079.69,970.06,119.19,156.88,189.42,26632.0,,独立模拟示例.csv,独立生成,1926,完全独立模拟示例；非真实生产记录,False,,quick-5660,0
SIM-000676,G01,2024-07-01T07:42:00,9344.0,1250.0,230.0,35.18,3.9,1206.84,395.93,1074.57,952.21,132.27,179.37,203.58,21088.0,,独立模拟示例.csv,独立生成,677,完全独立模拟示例；非真实生产记录,False,,quick-5693,1
SIM-001381,G01,2024-07-21T02:36:00,9534.0,1250.0,230.0,30.02,3.46,1183.17,491.84,1070.16,978.76,113.0,167.68,161.63,21517.0,,独立模拟示例.csv,独立生成,1382,完全独立模拟示例；非真实生产记录,False,,quick-5749,0
SIM-000688,G01,2024-07-21T02:55:00,10630.0,1100.0,250.0,35.55,3.5,1194.94,379.61,1071.57,963.97,123.37,178.69,176.26,22947.0,,独立模拟示例.csv,独立生成,689,完全独立模拟示例；非真实生产记录,False,,quick-5827,1
SIM-000741,G01,2024-07-30T08:31:00,9388.0,1250.0,250.0,35.87,2.39,1209.49,506.09,1100.55,987.49,108.93,172.15,189.32,23029.0,,独立模拟示例.csv,独立生成,742,完全独立模拟示例；非真实生产记录,False,,quick-5865,1
SIM-001371,G01,2024-07-16T18:44:00,10482.0,1100.0,250.0,36.77,4.36,1179.71,379.86,1051.65,954.19,128.06,173.36,174.97,22628.0,,独立模拟示例.csv,独立生成,1372,完全独立模拟示例；非真实生产记录,False,,quick-5895,2
SIM-000567,G01,2024-07-20T23:51:00,9188.0,1100.0,250.0,30.74,4.19,1205.18,294.6,1061.67,970.11,143.51,199.45,184.92,19835.0,,独立模拟示例.csv,独立生成,568,完全独立模拟示例；非真实生产记录,False,,quick-5955,0
SIM-000657,G01,2024-07-29T06:35:00,9620.0,1400.0,250.0,33.64,3.55,1194.01,511.33,1072.84,983.96,121.17,168.69,173.64,26430.0,,独立模拟示例.csv,独立生成,658,完全独立模拟示例；非真实生产记录,False,,quick-5998,1
SIM-000181,G01,2024-07-22T20:39:00,9639.0,1100.0,280.0,36.22,3.62,1207.32,474.01,1104.05,998.67,103.27,158.78,186.68,23304.0,,独立模拟示例.csv,独立生成,182,完全独立模拟示例；非真实生产记录,False,,quick-6055,2
SIM-001001,G01,2024-07-07T03:15:00,9403.0,1250.0,210.0,34.46,3.29,1200.24,376.81,1072.61,983.65,127.63,156.45,145.93,19375.0,,独立模拟示例.csv,独立生成,1002,完全独立模拟示例；非真实生产记录,False,,quick-6104,1
SIM-001817,G01,2024-07-23T05:20:00,9469.0,1400.0,230.0,31.87,4.07,1199.79,500.41,1067.16,963.86,132.63,190.77,207.7,23934.0,,独立模拟示例.csv,独立生成,1818,完全独立模拟示例；非真实生产记录,False,,quick-6163,0
SIM-001711,G01,2024-07-10T18:36:00,8973.0,1250.0,230.0,34.1,4.47,1204.73,377.46,1097.99,985.05,106.73,172.11,146.54,20251.0,,独立模拟示例.csv,独立生成,1712,完全独立模拟示例；非真实生产记录,False,,quick-6205,1
SIM-000522,G01,2024-07-02T07:44:00,9865.0,1250.0,250.0,34.17,3.28,1199.03,286.24,1079.92,932.24,119.11,177.43,186.29,24199.0,,独立模拟示例.csv,独立生成,523,完全独立模拟示例；非真实生产记录,False,,quick-6251,1
SIM-000913,G01,2024-07-12T19:53:00,9987.0,1100.0,230.0,37.65,2.69,1202.5,259.21,1087.87,976.76,114.63,158.92,201.67,19835.0,,独立模拟示例.csv,独立生成,914,完全独立模拟示例；非真实生产记录,False,,quick-6289,2
SIM-000168,G01,2024-07-30T10:13:00,10280.0,1600.0,280.0,36.9,3.55,1218.08,357.2,1105.0,995.18,113.08,166.83,157.14,36153.0,,独立模拟示例.csv,独立生成,169,完全独立模拟示例；非真实生产记录,False,,quick-6327,2
SIM-001912,G01,2024-07-21T11:53:00,9395.0,1100.0,230.0,34.9,2.19,1179.58,469.06,1062.02,958.42,117.56,189.68,192.12,18658.0,,独立模拟示例.csv,独立生成,1913,完全独立模拟示例；非真实生产记录,False,,quick-6386,1
SIM-000838,G01,2024-07-16T18:22:00,9934.0,1600.0,230.0,39.76,3.49,1221.7,310.75,1096.88,988.0,124.83,163.9,190.98,28696.0,,独立模拟示例.csv,独立生成,839,完全独立模拟示例；非真实生产记录,False,,quick-6450,2
SIM-000093,G01,2024-07-03T08:06:00,10157.0,1100.0,230.0,37.02,4.81,1226.5,461.38,1093.0,998.99,133.5,181.29,192.86,20172.0,,独立模拟示例.csv,独立生成,94,完全独立模拟示例；非真实生产记录,False,,quick-6566,2
SIM-000920,G01,2024-07-13T05:32:00,9354.0,1250.0,280.0,29.33,3.56,1213.79,528.1,1091.57,983.15,122.22,175.76,217.01,25701.0,,独立模拟示例.csv,独立生成,921,完全独立模拟示例；非真实生产记录,False,,quick-6611,0
SIM-000527,G01,2024-07-09T04:48:00,9747.0,1250.0,250.0,33.28,3.77,1183.63,531.64,1074.54,965.45,109.1,158.01,175.15,23912.0,,独立模拟示例.csv,独立生成,528,完全独立模拟示例；非真实生产记录,False,,quick-6671,1
SIM-000390,G01,2024-07-14T18:58:00,10141.0,1250.0,230.0,30.69,3.22,1205.22,313.4,1100.81,988.56,104.41,168.83,197.46,22887.0,,独立模拟示例.csv,独立生成,391,完全独立模拟示例；非真实生产记录,False,,quick-6710,0
SIM-000938,G01,2024-07-13T12:21:00,10466.0,1250.0,210.0,36.09,4.55,1189.85,418.16,1074.01,938.8,115.84,160.37,175.83,21567.0,,独立模拟示例.csv,独立生成,939,完全独立模拟示例；非真实生产记录,False,,quick-6748,2
SIM-001597,G01,2024-07-28T12:05:00,9878.0,1600.0,230.0,34.95,5.02,1192.18,440.1,1069.31,961.47,122.87,180.4,168.32,28536.0,,独立模拟示例.csv,独立生成,1598,完全独立模拟示例；非真实生产记录,False,,quick-6782,1
SIM-001022,G01,2024-07-21T14:29:00,10127.0,1600.0,230.0,32.68,4.94,1200.6,479.28,1080.78,996.96,119.82,158.04,202.91,29254.0,,独立模拟示例.csv,独立生成,1023,完全独立模拟示例；非真实生产记录,False,,quick-6844,1
SIM-000351,G01,2024-07-13T04:57:00,10635.0,1400.0,230.0,29.39,2.18,1208.32,365.69,1080.92,989.66,127.4,158.15,198.44,26881.0,,独立模拟示例.csv,独立生成,352,完全独立模拟示例；非真实生产记录,False,,quick-6912,0
SIM-000760,G01,2024-07-08T06:28:00,10710.0,1600.0,210.0,35.0,3.12,1200.73,323.58,1084.8,1005.27,115.93,185.8,170.15,28249.0,,独立模拟示例.csv,独立生成,761,完全独立模拟示例；非真实生产记录,False,,quick-6940,1
SIM-001505,G01,2024-07-05T21:00:00,9913.0,1250.0,280.0,35.88,3.41,1198.25,426.12,1073.09,963.08,125.16,195.03,208.39,27236.0,,独立模拟示例.csv,独立生成,1506,完全独立模拟示例；非真实生产记录,False,,quick-6980,1
SIM-001500,G01,2024-07-08T09:03:00,9829.0,1400.0,230.0,36.3,3.4,1201.62,446.15,1083.38,960.51,118.24,170.76,170.98,24845.0,,独立模拟示例.csv,独立生成,1501,完全独立模拟示例；非真实生产记录,False,,quick-7028,2
SIM-000806,G01,2024-07-13T06:17:00,10194.0,1250.0,280.0,36.28,3.22,1197.39,428.87,1072.87,966.63,124.52,158.34,195.47,28007.0,,独立模拟示例.csv,独立生成,807,完全独立模拟示例；非真实生产记录,False,,quick-7057,2
SIM-000697,G01,2024-07-26T11:41:00,10237.0,1400.0,230.0,38.25,3.16,1185.61,383.81,1071.43,997.92,114.17,140.33,210.19,25877.0,,独立模拟示例.csv,独立生成,698,完全独立模拟示例；非真实生产记录,False,,quick-7109,2
SIM-000402,G01,2024-07-15T23:32:00,9991.0,1400.0,280.0,33.48,3.71,1204.43,343.46,1089.53,963.94,114.89,179.1,188.85,30745.0,,独立模拟示例.csv,独立生成,403,完全独立模拟示例；非真实生产记录,False,,quick-7178,1
SIM-000238,G01,2024-07-10T03:22:00,9498.0,1400.0,230.0,35.79,4.01,1217.06,374.83,1102.11,985.04,114.95,172.6,172.6,24008.0,,独立模拟示例.csv,独立生成,239,完全独立模拟示例；非真实生产记录,False,,quick-7249,1
SIM-000380,G01,2024-07-09T11:27:00,9403.0,1400.0,230.0,33.31,3.72,1210.75,322.49,1080.7,955.03,130.05,185.24,163.84,23768.0,,独立模拟示例.csv,独立生成,381,完全独立模拟示例；非真实生产记录,False,,quick-7302,1
SIM-001872,G01,2024-07-03T06:31:00,9587.0,1600.0,230.0,26.19,3.98,1196.36,431.45,1091.09,988.01,105.27,151.1,228.88,27696.0,,独立模拟示例.csv,独立生成,1873,完全独立模拟示例；非真实生产记录,False,,quick-7332,0
SIM-000604,G01,2024-07-05T17:32:00,9717.0,1250.0,230.0,35.79,3.88,1217.47,497.37,1102.15,1003.61,115.32,159.99,181.2,21930.0,,独立模拟示例.csv,独立生成,605,完全独立模拟示例；非真实生产记录,False,,quick-7369,1
SIM-001833,G01,2024-07-12T14:46:00,9558.0,1250.0,230.0,31.23,3.28,1206.58,471.93,1082.34,969.63,124.24,162.17,207.24,21571.0,,独立模拟示例.csv,独立生成,1834,完全独立模拟示例；非真实生产记录,False,,quick-7440,0
SIM-000553,G01,2024-07-19T22:59:00,9845.0,1400.0,230.0,34.76,2.59,1173.85,327.56,1059.15,957.05,114.7,156.3,169.08,24885.0,,独立模拟示例.csv,独立生成,554,完全独立模拟示例；非真实生产记录,False,,quick-7508,1
SIM-001484,G01,2024-07-31T16:29:00,9867.0,1100.0,280.0,35.37,3.2,1174.27,432.66,1048.31,918.91,125.97,202.74,185.9,23857.0,,独立模拟示例.csv,独立生成,1485,完全独立模拟示例；非真实生产记录,False,,quick-7579,1
SIM-001426,G01,2024-07-13T23:55:00,10060.0,1100.0,250.0,33.06,2.22,1195.83,399.31,1072.1,965.05,123.73,161.36,160.19,21718.0,,独立模拟示例.csv,独立生成,1427,完全独立模拟示例；非真实生产记录,False,,quick-7644,1
SIM-001875,G01,2024-07-11T15:58:00,9520.0,1100.0,250.0,39.9,3.09,1200.47,386.73,1089.89,985.37,110.57,179.31,181.92,20551.0,,独立模拟示例.csv,独立生成,1876,完全独立模拟示例；非真实生产记录,False,,quick-7688,2
SIM-001217,G01,2024-07-05T14:20:00,10350.0,1250.0,210.0,29.14,3.67,1213.51,413.42,1091.64,961.41,121.87,164.87,170.76,21327.0,,独立模拟示例.csv,独立生成,1218,完全独立模拟示例；非真实生产记录,False,,quick-7742,0
SIM-000682,G01,2024-07-14T09:30:00,9196.0,1400.0,230.0,32.49,2.91,1180.51,342.06,1065.04,947.68,115.47,177.94,188.5,23244.0,,独立模拟示例.csv,独立生成,683,完全独立模拟示例；非真实生产记录,False,,quick-7803,1
SIM-001362,G01,2024-07-01T16:36:00,10640.0,1250.0,230.0,34.13,3.18,1190.38,451.54,1074.22,972.11,116.16,193.31,195.04,24014.0,,独立模拟示例.csv,独立生成,1363,完全独立模拟示例；非真实生产记录,False,,quick-7909,1
SIM-000995,G01,2024-07-03T18:35:00,9605.0,1250.0,280.0,36.74,3.51,1189.38,468.27,1073.45,957.69,115.94,203.2,186.69,26390.0,,独立模拟示例.csv,独立生成,996,完全独立模拟示例；非真实生产记录,False,,quick-7958,2
SIM-000968,G01,2024-07-12T01:10:00,10160.0,1250.0,210.0,33.82,2.51,1200.28,479.31,1079.14,970.09,121.14,149.21,156.15,20937.0,,独立模拟示例.csv,独立生成,969,完全独立模拟示例；非真实生产记录,False,,quick-8030,1
SIM-000587,G01,2024-07-14T22:31:00,9743.0,1400.0,230.0,35.71,4.5,1182.23,413.86,1068.42,963.34,113.82,165.6,202.9,24626.0,,独立模拟示例.csv,独立生成,588,完全独立模拟示例；非真实生产记录,False,,quick-8077,1
SIM-000018,G01,2024-07-05T13:55:00,9323.0,1250.0,210.0,34.46,3.87,1222.14,468.33,1087.15,1000.73,134.99,188.04,212.42,19211.0,,独立模拟示例.csv,独立生成,19,完全独立模拟示例；非真实生产记录,False,,quick-8126,1
SIM-000821,G01,2024-07-10T02:30:00,9870.0,1400.0,250.0,36.25,3.3,1211.73,308.37,1098.4,988.5,113.34,179.02,180.95,27118.0,,独立模拟示例.csv,独立生成,822,完全独立模拟示例；非真实生产记录,False,,quick-8167,2
SIM-001896,G01,2024-07-05T00:37:00,9351.0,1400.0,210.0,34.85,4.22,1196.27,415.37,1082.78,960.6,113.49,179.62,165.02,21581.0,,独立模拟示例.csv,独立生成,1897,完全独立模拟示例；非真实生产记录,False,,quick-8204,1
SIM-000634,G01,2024-07-18T11:52:00,10766.0,1100.0,250.0,35.46,3.48,1210.99,441.1,1085.0,984.08,125.99,174.93,168.08,23241.0,,独立模拟示例.csv,独立生成,635,完全独立模拟示例；非真实生产记录,False,,quick-8257,1
SIM-001399,G01,2024-07-24T17:49:00,9783.0,1100.0,210.0,33.0,4.09,1184.7,399.56,1070.59,986.63,114.11,161.57,194.49,17740.0,,独立模拟示例.csv,独立生成,1400,完全独立模拟示例；非真实生产记录,False,,quick-8313,1
SIM-000178,G01,2024-07-02T16:25:00,9861.0,1100.0,230.0,35.74,3.81,1192.8,511.73,1070.73,994.79,122.08,172.68,211.86,19585.0,,独立模拟示例.csv,独立生成,179,完全独立模拟示例；非真实生产记录,False,,quick-8348,1
SIM-000554,G01,2024-07-26T04:37:00,9952.0,1400.0,230.0,31.87,2.67,1192.81,315.22,1064.98,964.12,127.82,172.35,167.43,25157.0,,独立模拟示例.csv,独立生成,555,完全独立模拟示例；非真实生产记录,False,,quick-8450,0
SIM-001270,G01,2024-07-26T07:18:00,9705.0,1400.0,250.0,30.14,2.35,1190.21,326.59,1087.27,980.44,102.94,151.4,203.18,26664.0,,独立模拟示例.csv,独立生成,1271,完全独立模拟示例；非真实生产记录,False,,quick-8490,0
SIM-000847,G01,2024-07-06T20:54:00,9790.0,1400.0,230.0,36.3,2.77,1170.89,295.37,1083.72,991.64,87.17,141.47,202.08,24747.0,,独立模拟示例.csv,独立生成,848,完全独立模拟示例；非真实生产记录,False,,quick-8532,2
SIM-001841,G01,2024-07-17T22:10:00,9523.0,1250.0,230.0,40.9,2.97,1217.66,359.99,1104.57,1002.26,113.1,192.95,209.15,21493.0,,独立模拟示例.csv,独立生成,1842,完全独立模拟示例；非真实生产记录,False,,quick-8570,2
SIM-001684,G01,2024-07-25T03:52:00,9760.0,1100.0,210.0,31.73,2.76,1193.66,345.13,1068.97,968.59,124.68,178.54,172.92,17698.0,,独立模拟示例.csv,独立生成,1685,完全独立模拟示例；非真实生产记录,False,,quick-8627,0
SIM-000219,G01,2024-07-09T20:19:00,9377.0,1100.0,280.0,34.99,3.32,1209.79,384.47,1091.61,978.21,118.19,164.69,193.67,22672.0,,独立模拟示例.csv,独立生成,220,完全独立模拟示例；非真实生产记录,False,,quick-8672,1
SIM-001628,G01,2024-07-28T07:55:00,10176.0,1250.0,230.0,40.62,4.08,1218.35,385.51,1092.89,983.83,125.46,192.72,209.7,22965.0,,独立模拟示例.csv,独立生成,1629,完全独立模拟示例；非真实生产记录,False,,quick-8730,2
SIM-000389,G01,2024-07-24T00:43:00,9147.0,1600.0,230.0,28.89,4.0,1206.47,431.42,1097.59,990.74,108.88,170.69,155.01,26423.0,,独立模拟示例.csv,独立生成,390,完全独立模拟示例；非真实生产记录,False,,quick-8779,0
SIM-001393,G01,2024-07-02T03:01:00,9957.0,1250.0,280.0,31.58,2.74,1208.89,343.49,1103.84,992.04,105.05,164.6,222.48,27357.0,,独立模拟示例.csv,独立生成,1394,完全独立模拟示例；非真实生产记录,False,,quick-8868,0
SIM-000211,G01,2024-07-21T01:20:00,9903.0,1250.0,210.0,34.39,4.14,1194.27,514.25,1066.42,940.42,127.85,166.51,194.82,20407.0,,独立模拟示例.csv,独立生成,212,完全独立模拟示例；非真实生产记录,False,,quick-8915,1
SIM-001608,G01,2024-07-08T17:34:00,9236.0,1100.0,250.0,33.62,3.39,1172.1,489.09,1057.69,939.57,114.41,165.03,206.51,19938.0,,独立模拟示例.csv,独立生成,1609,完全独立模拟示例；非真实生产记录,False,,quick-9000,1
SIM-001732,G01,2024-07-28T09:39:00,10185.0,1400.0,250.0,30.61,2.71,1218.2,467.96,1091.3,995.23,126.91,160.77,159.48,27983.0,,独立模拟示例.csv,独立生成,1733,完全独立模拟示例；非真实生产记录,False,,quick-9024,0
SIM-000456,G01,2024-07-25T13:20:00,9872.0,1600.0,230.0,38.76,4.35,1194.03,452.3,1079.55,951.47,114.47,165.25,159.34,28519.0,,独立模拟示例.csv,独立生成,457,完全独立模拟示例；非真实生产记录,False,,quick-9092,2
SIM-000065,G01,2024-07-28T07:36:00,10409.0,1400.0,230.0,37.27,3.2,1201.31,420.29,1066.61,968.18,134.7,187.03,166.92,26311.0,,独立模拟示例.csv,独立生成,66,完全独立模拟示例；非真实生产记录,False,,quick-9249,2
SIM-001482,G01,2024-07-18T13:36:00,9989.0,1100.0,230.0,31.63,3.39,1217.05,431.52,1094.56,1012.48,122.49,150.87,135.6,19840.0,,独立模拟示例.csv,独立生成,1483,完全独立模拟示例；非真实生产记录,False,,quick-9313,0
SIM-001777,G01,2024-07-05T07:03:00,9892.0,1250.0,210.0,32.4,2.92,1191.38,367.43,1072.58,968.22,118.81,148.41,127.03,20383.0,,独立模拟示例.csv,独立生成,1778,完全独立模拟示例；非真实生产记录,False,,quick-9345,1
SIM-000615,G01,2024-07-01T03:21:00,9271.0,1600.0,250.0,37.74,5.11,1200.62,394.08,1065.6,944.18,135.01,162.96,178.94,29110.0,,独立模拟示例.csv,独立生成,616,完全独立模拟示例；非真实生产记录,False,,quick-9393,2
SIM-001796,G01,2024-07-31T17:11:00,9943.0,1400.0,230.0,29.24,3.96,1182.2,430.04,1057.82,974.45,124.38,177.76,189.4,25132.0,,独立模拟示例.csv,独立生成,1797,完全独立模拟示例；非真实生产记录,False,,quick-9418,0
SIM-000628,G01,2024-07-22T14:32:00,10017.0,1250.0,210.0,35.12,3.14,1176.99,266.86,1054.09,921.55,122.9,174.69,183.84,20641.0,,独立模拟示例.csv,独立生成,629,完全独立模拟示例；非真实生产记录,False,,quick-9456,1
SIM-001397,G01,2024-07-02T15:33:00,10455.0,1400.0,230.0,32.55,3.33,1210.27,377.71,1091.93,999.8,118.33,165.56,194.93,26426.0,,独立模拟示例.csv,独立生成,1398,完全独立模拟示例；非真实生产记录,False,,quick-9520,1
SIM-000921,G01,2024-07-29T22:31:00,9533.0,1600.0,210.0,34.88,2.16,1191.78,303.66,1083.68,980.83,108.09,174.29,170.6,25144.0,,独立模拟示例.csv,独立生成,922,完全独立模拟示例；非真实生产记录,False,,quick-9554,1
SIM-001533,G01,2024-07-06T07:08:00,9676.0,1600.0,250.0,38.49,3.85,1190.47,494.8,1063.6,966.51,126.87,162.32,185.84,30383.0,,独立模拟示例.csv,独立生成,1534,完全独立模拟示例；非真实生产记录,False,,quick-9594,2
SIM-000411,G01,2024-07-19T19:36:00,9826.0,1100.0,280.0,29.21,2.8,1200.66,303.63,1094.55,990.58,106.11,169.3,190.53,23758.0,,独立模拟示例.csv,独立生成,412,完全独立模拟示例；非真实生产记录,False,,quick-9656,0
SIM-000956,G01,2024-07-12T12:33:00,9386.0,1250.0,230.0,35.22,3.12,1206.02,288.57,1076.8,959.67,129.22,170.74,193.25,21183.0,,独立模拟示例.csv,独立生成,957,完全独立模拟示例；非真实生产记录,False,,quick-9706,1
SIM-000088,G01,2024-07-15T20:00:00,10392.0,1250.0,250.0,35.18,3.65,1197.66,397.04,1076.23,963.92,121.44,159.01,188.07,25494.0,,独立模拟示例.csv,独立生成,89,完全独立模拟示例；非真实生产记录,False,,quick-9741,1
SIM-001795,G01,2024-07-17T00:17:00,9705.0,1400.0,250.0,32.58,3.99,1213.43,380.61,1094.44,997.03,118.99,188.08,169.43,26663.0,,独立模拟示例.csv,独立生成,1796,完全独立模拟示例；非真实生产记录,False,,quick-9775,1
SIM-000770,G01,2024-07-05T13:47:00,10169.0,1600.0,230.0,27.91,4.0,1200.22,381.85,1077.5,976.39,122.72,182.29,176.46,29376.0,,独立模拟示例.csv,独立生成,771,完全独立模拟示例；非真实生产记录,False,,quick-9799,0
SIM-000813,G01,2024-07-01T22:32:00,9249.0,1250.0,250.0,31.75,3.67,1196.83,218.93,1089.53,978.52,107.29,172.25,177.87,22688.0,,独立模拟示例.csv,独立生成,814,完全独立模拟示例；非真实生产记录,False,,quick-9841,0
SIM-001144,G01,2024-07-11T11:51:00,10354.0,1400.0,230.0,30.36,3.84,1198.36,274.53,1077.34,990.1,121.02,177.21,188.66,26171.0,,独立模拟示例.csv,独立生成,1145,完全独立模拟示例；非真实生产记录,False,,quick-9877,0
SIM-001407,G01,2024-07-18T05:46:00,10076.0,1100.0,230.0,34.11,3.27,1190.0,432.29,1081.39,971.03,108.61,179.38,207.38,20011.0,,独立模拟示例.csv,独立生成,1408,完全独立模拟示例；非真实生产记录,False,,quick-9924,1
SIM-001810,G01,2024-07-26T05:40:00,10380.0,1100.0,210.0,30.79,3.42,1206.71,270.7,1083.42,969.69,123.29,146.06,186.07,18823.0,,独立模拟示例.csv,独立生成,1811,完全独立模拟示例；非真实生产记录,False,,quick-9988,0
